post_title,image1,image2,image3,image4,image5,image6,image7
Aliquam lobortis,product01.jpg,product02.jpg,product03.jpg,product04.jpg,product05.jpg,product06.jpg,product07.jpg
Aliquam lobortis est,product02.jpg,product03.jpg,product04.jpg,product05.jpg,product06.jpg,product07.jpg,product08.jpg
Auctor gravida enim,product03.jpg,product04.jpg,product05.jpg,product06.jpg,product07.jpg,product08.jpg,product09.jpg
Cillum dolore,product04.jpg,product05.jpg,product06.jpg,product07.jpg,product08.jpg,product09.jpg,product10.jpg
Condimentum posuere,product05.jpg,product06.jpg,product07.jpg,product08.jpg,product09.jpg,product10.jpg,product11.jpg
Consequuntur magni,product06.jpg,product07.jpg,product08.jpg,product09.jpg,product10.jpg,product11.jpg,product12.jpg
Convallis quam sit,product07.jpg,product08.jpg,product09.jpg,product10.jpg,product11.jpg,product12.jpg,product13.jpg
Cras neque,product08.jpg,product09.jpg,product10.jpg,product11.jpg,product12.jpg,product13.jpg,product14.jpg
Cras neque metus,product09.jpg,product10.jpg,product11.jpg,product12.jpg,product13.jpg,product14.jpg,product15.jpg
Dignissim venenatis,product10.jpg,product11.jpg,product12.jpg,product13.jpg,product14.jpg,product15.jpg,product16.jpg
Dolorum fuga,product11.jpg,product12.jpg,product13.jpg,product14.jpg,product15.jpg,product16.jpg,product17.jpg
Donec eu libero,product12.jpg,product13.jpg,product14.jpg,product15.jpg,product16.jpg,product17.jpg,product18.jpg
Donec tempus,product13.jpg,product14.jpg,product15.jpg,product16.jpg,product17.jpg,product18.jpg,product19.jpg
Duis pulvinar,product14.jpg,product15.jpg,product16.jpg,product17.jpg,product18.jpg,product19.jpg,product20.jpg
Eodem modo,product15.jpg,product16.jpg,product17.jpg,product18.jpg,product19.jpg,product20.jpg,product21.jpg
Epicuri per,product16.jpg,product17.jpg,product18.jpg,product19.jpg,product20.jpg,product21.jpg,product01.jpg
Fusce ultricies,product17.jpg,product18.jpg,product19.jpg,product20.jpg,product21.jpg,product01.jpg,product02.jpg
Habitasse dictumst,product18.jpg,product19.jpg,product20.jpg,product21.jpg,product01.jpg,product02.jpg,product03.jpg
Itaque earum,product19.jpg,product20.jpg,product01.jpg,product01.jpg,product02.jpg,product03.jpg,product04.jpg
Kaoreet lobortis,product20.jpg,product21.jpg,product02.jpg,product02.jpg,product03.jpg,product04.jpg,product05.jpg
Laudantium,product21.jpg,product01.jpg,product03.jpg,product03.jpg,product04.jpg,product05.jpg,product06.jpg
Mauris tincidunt,product01.jpg,product02.jpg,product04.jpg,product04.jpg,product05.jpg,product06.jpg,product07.jpg
Mirum est notare,product02.jpg,product03.jpg,product05.jpg,product05.jpg,product06.jpg,product07.jpg,product08.jpg
Morbi ornare,product03.jpg,product04.jpg,product06.jpg,product06.jpg,product07.jpg,product08.jpg,product09.jpg
Natus erro,product04.jpg,product05.jpg,product07.jpg,product07.jpg,product08.jpg,product09.jpg,product10.jpg
Nemo enim,product05.jpg,product06.jpg,product08.jpg,product08.jpg,product09.jpg,product10.jpg,product11.jpg
Nostrum exercitationem,product06.jpg,product07.jpg,product09.jpg,product09.jpg,product10.jpg,product11.jpg,product12.jpg
Nulla sed libero,product07.jpg,product08.jpg,product10.jpg,product10.jpg,product11.jpg,product12.jpg,product13.jpg
Nullam maximus,product08.jpg,product09.jpg,product11.jpg,product11.jpg,product12.jpg,product13.jpg,product14.jpg
Officiis debitis,product09.jpg,product10.jpg,product12.jpg,product12.jpg,product13.jpg,product14.jpg,product15.jpg
Ornare sed consequat,product10.jpg,product11.jpg,product13.jpg,product13.jpg,product14.jpg,product15.jpg,product16.jpg
Pellentesque posuere,product11.jpg,product12.jpg,product14.jpg,product14.jpg,product15.jpg,product16.jpg,product17.jpg
Pellentesque ultricies,product12.jpg,product13.jpg,product15.jpg,product15.jpg,product16.jpg,product17.jpg,product18.jpg
Phasellus vel hendrerit,product13.jpg,product14.jpg,product16.jpg,product16.jpg,product17.jpg,product18.jpg,product19.jpg
Porro quisquam,product14.jpg,product15.jpg,product17.jpg,product17.jpg,product18.jpg,product19.jpg,product20.jpg
Sed tempor,product15.jpg,product16.jpg,product18.jpg,product18.jpg,product19.jpg,product20.jpg,product21.jpg
Sit voluptatem,product16.jpg,product17.jpg,product19.jpg,product19.jpg,product20.jpg,product21.jpg,product01.jpg
Suspendisse ut odio,product17.jpg,product18.jpg,product20.jpg,product20.jpg,product21.jpg,product01.jpg,product02.jpg
Tincidunt malesuada,product18.jpg,product19.jpg,product21.jpg,product21.jpg,product01.jpg,product02.jpg,product03.jpg
Vestibulum suscipit,product19.jpg,product20.jpg,product01.jpg,product01.jpg,product02.jpg,product03.jpg,product04.jpg
Vulputate justo,product20.jpg,product21.jpg,product02.jpg,product02.jpg,product03.jpg,product04.jpg,product05.jpg
